{
  "original_points": [[0,0],
                        [0,1],
                        [2,0],
                        [2,1],
                        [4,0],
                        [4,1]],
  "found_points": [[0.2946385491285,0.5724602980037],
                        [1.8470597656726,0.6890452905505],
                        [2.117046064202,0.277929790517],
                        [3.6756033329854,0.3883787308245]],
  "max_iteration": 50,
  "swarm_amount": 12,
  "population_size": 80,
  "executions": 50,
  "steiner_weight": 6.62062814049094,
  "original_weight": 7.0
}