{
  "original_weight": 7.0,
  "improved_weight": 6.763351791609246,
  "improvement_percentage": 3.3806886912964984,
  "found_points": [
    [
      0,
      0
    ],
    [
      0,
      1
    ],
    [
      2,
      0
    ],
    [
      2,
      1
    ],
    [
      4,
      0
    ],
    [
      4,
      1
    ],
    [
      4,
      0.7313906662003398
    ],
    [
      2.360626361291256,
      0.5719367874241004
    ],
    [
      3.845714808497967,
      0.19865902726263454
    ],
    [
      0.31217790229046966,
      0.2331377464395422
    ]
  ]
}